1,Samuel,Mcdonald,smcdonald0@ezinearticles.com,Male,222.240.123.140
2,Frank,Dean,fdean1@patch.com,Male,82.142.255.28
3,Billy,Rose,brose2@prlog.org,Male,116.35.210.51
4,Ruth,Garcia,rgarcia3@wikimedia.org,Female,250.50.38.144
5,Carl,Bradley,cbradley4@un.org,Male,61.143.198.91
6,Harry,Diaz,hdiaz5@harvard.edu,Male,119.160.187.99
7,Johnny,Cooper,jcooper6@disqus.com,Male,136.139.25.106
8,Eric,Harvey,eharvey7@foxnews.com,Male,153.45.208.167
9,Martha,Hansen,mhansen8@nbcnews.com,Female,233.78.146.32
10,Linda,Armstrong,larmstrong9@google.co.jp,Female,126.136.65.2
11,Cheryl,Mills,cmillsa@clickbank.net,Female,106.52.52.211
12,Stephanie,Martin,smartinb@deliciousdays.com,Female,64.214.50.215
13,Kathleen,Spencer,kspencerc@wikipedia.org,Female,188.55.103.60
14,Pamela,Wheeler,pwheelerd@howstuffworks.com,Female,33.155.94.50
15,Gary,Brooks,gbrookse@free.fr,Male,149.215.120.253
16,Scott,Campbell,scampbellf@bravesites.com,Male,179.41.210.94
17,Louise,Owens,lowensg@wikipedia.org,Female,111.54.195.41
18,Sean,Meyer,smeyerh@yelp.com,Male,126.248.242.201
19,Julia,Garza,jgarzai@xing.com,Female,177.148.16.123
20,Arthur,Allen,aallenj@dmoz.org,Male,63.241.37.11